"name","phone","email"
"pranav shah",7383842153,"hshah3123@gmail.com"
"karan pednekar",9428843598,"pednekarkaran4@gmail.com"
"Akhil kachchhi",8469855463,"kachchhiakhil24@gmail.com"
"harsh ahire",9574552527,"harshahire011@gmail.com"
"vishnu prajapati",9016794916,"nsprajapati16@gmail.com"
"Darshak Dobariya",9904647631,"darshakdobariya657@gmail.com"
"Kunal Nakum",8511911477,"kunalcnakum@gmail.com"
"Vishnu Vyas",8140071406,"vishnusvyas99@gmail.com"
"hemant makwana",8469210778,"makwanahemant99@gmail.com"
"kashyap maru",8866036691,"marukashyap@gmail.com"
"jay lakum",7046400505,"jaylakum233@gmail.com"
"Hemal Ahir",9978974149,"theroar149@gmail.com"
"Farhan Malek",9408257257,"farhanmalek2911@gmail.com"
"Nishant Patel",9712335172,"nv9847@gmail.com"
"Mit Patel",9712878731,"mitgmb@gmail.com"
"Hansal Patel",9913715700,"hansalpatel01@gmail.com"
"Dev Patel",7203830750,"pateldev1022000@gmail.com"
"Mansi Kriplani",8320727113,"kripsmansi1997@gmail.com"
"Pratham Makwana",9898890080,"prathammakawana090@gmail.com"
"hardikkumar rathod",7874786130,"hrathod2005@gmail.com"
"Hiren Bhuchhada",9033910799,"hirenbhuchhada111@gmail.com"
"Ashutosh Chougale",9824969359,"chougleashutosh@gmail.com"
"Abhay Sindhav",6355092160,"abhaysindhav221@gmail.com"
"Nance Soneji",6558304048,"nance.soneji@gmail.com"
"Hemangi Gagaliya",7874857841,"gagaliyahemangi98@gmail.com"
"Siddhi Sonraj",7622022511,"siddhisonraj@gmail.com"
"Bhargavi Parmar",7043480880,"bhargaviparmar00@gmail.com"
"Shefali Patel",6355981024,"shefalipatel221099@gmail.com"
"Dhruti Patel",7487886387,"dhruti2610@gmail.com"
"Abhirajsinh Raol",9574159278,"raolabhirajsinh@gmail.com"
"Apurva Jajal",6353793047,"apuujajal34@gmail.com"
"Krutik Patwa",9377530003,"krutikpatwa.1810@gmail.com"
"Harsh Shah",9825239235,"harshshah1204@gmail.com"
"Shivam Bajaj",7069757080,"shivambajaj123.sb@gmail.com"
"Husen Garbadawala",6355253194,"husengarbada@gmail.com"
"Mitiksha Goti",7698882735,"Pmaniya777@gmail.com"
"Dharmika Dhola",9157503929,"dharmika192@gmail.com"
"Sulay Christian",7487025528,"sulaychristian007@gmail.com"
"Kirti Nanera",9512736145,"kirtinanera@gmail.com"
"Ramnath Siddh",9409368546,"civilsiddh90@gmail.com"
"uttam mandaliya",7874450472,"uttammandaliya123@gmail.com"
"Kandarp rajayaguru",7878222719,"kandarp270@gmail.com"
"Mayur Chotaliya",9825296234,"mayurchotaliya47@gmail.com"
"Rakesh Rakhasiya",9016927103,"rakeshrakhasiya987@gmail.com"
"Viral Bhadesiya",7984666021,"viralbhadeshiya@gmail.com"
"Parth Upadhyay",9574312795,"prinzzupadhyay@gmail.com"
"Karandan Gadhvi",9265191484,"gadhvikarankaran@gmail.com"
"Rushik Vekariya",9428979097,"prushik33@gmail.com"
"Vishal Kurani",9429979212,"vishalkurani2@gmail..com"
"Amit Jha",7984166878,"akashsin63@yahoo.com"
"kushagara kalla",9725586529,"akashsin63@yahoo.com"
"Vaibhav Parmar",8866124922,"vaibhavparmar5185@gmail.com"
"darshan kalathiya",6354767134,"kalathiyadarshan2001@gmail.com"
"khilan ranpariya",7202946446,"khilanranpariya2000@gmail.com"
"Yash Patel",7698104746,"pat.yash9614@gmail.com"
"suryarajsinh vala",7567571274,"sraj9823@gmail.com"
"amishakumari pawar",8347793731,"aemypawar1202@gmail.com"
"prey naik",9408705574,"preypk1999@gmail.com"
"kaushik rupapara",9664921390,"kaushikrupapara36@gmail.com"
"pranav patel",8141251240,"pranavpatel223344@gmail.com"
"nehal patodiya",9106641112,"nehalpatodiya1@gmail.com"
"abdul amiry",7433036535,"abdulqaharamiry123@gmail.com"
"Kirtan Sharma",9409600098,"kirtansharma007@gmail.com"
"namatallah faizy",7433036536,"namatullah.faizy123@gmail.com"
"Paras Rabadiya",9157902596,"rabadiyaparas303@gmail.com"
"Vishal Jadav",9714230426,"jadavvishal267@gmail.com"
"Saurabh Sachdev",7984015395,"saurabh151@ieee.org"
"Saumya Shah",6353816046,"saumyasmart00@gmail.com"
"avani mistry",9714781442,"avanimistry333@gmail.com"
"akash parekh",9925103727,"parekhakash2001@gmail.com"
"luv sathawara",8155038636,"luvsathawara1516@gmail.com"
"nirav parmar",7041932607,"niravparmar190@gmail.com"
"mansi makwana",7202009870,"mansimakwana1501@gmail.com"
"param shah",9727224415,"shahparam84@gmail.com"
"jayrajsinh vala",8160346575,"jvala993@gmail.com"
"pranav dave",7698202699,"panu1998@gmail.com"
"nehal patel",9601994566,"harshil9979@gmail.com"
"Nil Patel",7567492442,"nilpatel589@gmail.com"
"Savan Patel",7600706061,"patelsavan497@gmail.com"
"Kaushal Brahmbhatt",9712951895,"brahmbhatt.kaushal19@gmail.com"
"nidhi kapadia",9664552688,"janvidhimmar14@gmail.com"
"Palav Desai",9824384604,"palavdesai05@gmail.com"
"dhaval pandav",8140548184,"dhavalpandav89@gmail.com"
"Hardik Jinjala",8866463161,"hardikjinjala123@gmail.com"
"Badal Pandit",9408806245,"badalpandit900@gmail.com"
"Jay Patel",7698686944,"khsrajjoshi1999@gmail.com"
"Chintan Jhala",8758893699,"chintanjhala.cj@gmail.com"
"Sahil Shaikh",7046245164,"sahil.seikh62@rediffmail.com"
"Shivam Prajapati",9904910814,"shivamdalwadi249@gmail.com"
"Sameer Patel",9682628497,"sam.sam612972545@gmail.com"
"Kenil Patel",8511904499,"patelkenil444@gmail.com"
"Saksham Talati",9669444424,"sakshamtalati2580@gmail.com"
"Tirth patel",9879029797,"tirth9797@gmail.com"
"aagam Shah",9624704995,"aagam1297@gmail.com"
"Nilay Patel",7600435720,"nilaypatel3949@gmail.com"
"Niraj Desai",9099417753,"desainiraj642@gmail.com"
"Sagar Jethani",8264121123,"srjethani29@gmail.com"
"Umang Parmar",9714241633,"umangprmr12@gmail.com"
"akruti parmar",7359544268,"akrutiparmar7920@gmail.com"
"Rudra Sukhadya",9537640256,"sukhadiarudra2210@gmail.com"
"Harsh Patel",8140004165,"717273harsh@gmail.com"
"Aashutosh Jataniya",9429486172,"jataniyaaashutosh@gmail.com"
"Rushiraj Gotti",9913666231,"rpgoti62311@gmail.com"
"Kishan Joshi",9773031705,"jkishan692@gmail.com"
"Parth Patel",7069183451,"pspatel602@gmail.com"
"Dhixant Chalke",9725580868,"dhixantchalke@gmail.com"
"priyank rataliya",6354143450,"pmitaliya111@gmail.com"
"Dhrashti Patel",7990435080,"yakshipatel982@gmail.com"
"Ruchi Patel",6354413938,"patelruchi3170@gmail.com"
"Renish Sutariya",9099298739,"sutariyarenish56@gmail.com"
"Savan Akbari",8155800268,"akbarisavan1012@gmail.com"
"Karansinh Matroja",7046227207,"kunj.160410119017@gmail.com"
"Azaz Mirza",9737131768,"azazmirza639@gmail.com"
"mency christian",8849667585,"christ7mency12@gmail.com"
"Jhanvi Patel",9601136006,"jhanvipatel7474@gmail.com"
"Smit Modi",8460198465,"smitmodi17@gmail.com"
"Harsh Patel",9904902671,"160010116037@adit.ac.in"
"Pradip Patil",8155895836,"patilpradiphardi300@gmail.com"
"Swastik Bhat",9149431874,"swastikbhat30@gmail.com"
"Prince Parmar",7069693233,"princeparmar9393@gmail.com"
"Ajayrajsinh Rana",7990227748,"ranaajayrajsinh96@gmail.com"
"Khuzema Anand",7984994471,"khuzemaanand@gmail.com"
"Yashvi Pithadia",9409214367,"160010116023@adit.ac.in"
"Kunal Mesurani",7567556696,"kunalmesurani656@gmail.com"
"Abbas Limdiwala",9925750170,"limdiwalaabbas@gmail.com"
"kishan vanol",8155922584,"kishanvanol1999@gmail.com"
"Khensani Cossa",9408371808,"Khensanishonila1@hotmail.com"
"Darshan Rabadiya",9924793411,"darshanrabadiya55@gmail.com"
"Jay Patel",6351881478,"jayjp1998@gmail.com"
"Marven Parmar",9909313347,"marvenparmar@gmail.com"
"Nandini Dalal",7046711410,"nandinidalal02@gmail.com"
"Jay Thakkar",7874537770,"jaythakker2406@gmail.com"
"smiti patel",9106654480,"shivupatel202@gmail.com"
"Karan Patel",9727910669,"karanpatel4137@gmail.com"
"susmita sinha",8320038286,"susmitasinha@gmail.com"
"Falgun Yadav",9033542513,"falgun.yadav97@gmail.com"
"parikshit raj",8200216994,"rajparikshit4@gmail.com"
"Rushil Mehta",8460267741,"kunj.160410119017@gmail.com"
"Smit Prajapati",9574953600,"smitprajapati443@gmail.com"
"Pritam Gopal",9726314757,"pritam.gopal@gmail.com"
"dev kadam",8153805384,"devkadam369@gmail.com"
"Mohyuddin memon",7016510313,"mohyuddinmemon306@gmail.com"
"Divysinh Rathod",9574391606,"rathoddivysinh@gmail.com"
"Nachiket Patel",8000461028,"nachiketpatel2905@gmail.com"
"Kevin Halatwala",7201063564,"kalpeshsingh89@gmail.com"
"Rahul Bhavsar",7096906525,"rahulbhavsar2001@gmail.com"
"Priyanka Patel",9723067492,"patelpriyanka1380@gmail.com"
"Bhavik Patel",8511118189,"bhavik85111@gmail.com"
"Durgesh Prajapati",7572802499,"durgeshprajapati316@gmail.com"
"Krushil patel",8141874740,"patelkrushil610@yahoo.com"
"dhaval patel",8511980431,"dhavaldkpatel22@gmail.com"
"Mohit Sathwara",9913784501,"mohitsathwara123@gmail.com"
"Vidit Patel",9998583064,"patelvidit302@gmail.com"
"bhavik mehta",9898007453,"bhavikvasani2235@gmail.com"
"Dhruv Patel",9664898503,"dhruvj505@gmail.com"
"siddhi patel",7046818479,"patelsiddhi51@gmail.com"
"Raghuvir Solanki",9904851194,"raghusolanki259@gmail.com"
"Vraj Patel",9870026989,"vp662118@gmail.com"
"Astik Diyora",7487977044,"astikdiyora111@gmail.com"
"Harshvardhan Chavda",9426856476,"chavdaharsh98@gmail.com"
"Nisarg Desai",8347397955,"nsrgds098@gmail.com"
"Vaishnavi Patel",9265155538,"vaishupatel1101999@gmail.com"
"Harsh Jogi",8128585898,"harshjogi0389@gmail.com"
"Maitreya Patel",9429600831,"maitreyapatel62@gmail.com"
"Ria Chawda",9033002059,"chawdaria@gmail.com"
"Het Patel",9537800502,"het306@gmail.com"
"Ravi Dhankecha",9409199280,"dhankecha35@gmail...com"
"Pinkesh Patel",9574494959,"pinkeshpsp@gmail.com"
"Sankha Das",9427003968,"sankha17das@gmail.com"
"Ankit Sharma",9016995403,"ankitsharmaji38@gmail.com"
"Maitri Rana",9601362305,"rmaits15@gmail.com"
"Milind Mahatma",9714781120,"milindmahatma@gmail.com"
"Faijal Vhora",9537622969,"faijalvhora18397@gmail.com"
"Dhwnish Patel",7359341246,"pateldhwanish2000@gmail.com"
"Ankur Min",9727558154,"ankurmin39@gmail.com"
"Nandan Panchal",9427596715,"nandanp075@gmail.com"
"rajdeep panchal",8460896881,"panchalrajdeep143@gmail.com"
"Jeet chande",9737233085,"jeetchande786@gmail.com"
"nasseebuallah dost",9687761341,"nasibullah.dost@gmail.com"
"kishan lukha",9723842316,"kishanlukha999@gmail.com"
"Ritesh Rohit",8758736441,"microchange007@gmail.com"
"Jeet Patel",8511467701,"jeet.2810patel@gmail.com"
"Varun Durve",7621851408,"durvevarun@gmail.com"
"Preksha Babel",9214303175,"prekshababel04@gmail.com"
"Krishna Patel",9558604656,"krishnapatel21798@gmail.com"
"Naveed Navaz",9427799791,"naveednvz@gmail.com"
"Rhythm Patel",9724965898,"rhythmpatel1811@gmail.com"
"Parul Suva",6354167810,"parul.suva6812@gmail.com"
"Jeet Trivedi",9426020228,"jeettrivedi22@gmail.com"
"Abhishek Soni",9327229264,"abhishek2404soni@gmail.com"
"Mansi Pandya",7048876747,"pandyamansi16@gmail.com"
"Neel kathiriya",7359873785,"neelkathiriya332@gmail.com"
"Kishan Kalariya",7435981890,"kalariyakishan09@gmail.com"
"Daksh Patel",7228932965,"dakshpatel72727272@gmail.com"
"Sunny Verma",7984587370,"verma.sunny2907@gmail.com"
"Divyraj Solanki",9714209674,"divyrajkm7@gmail.com"
"Shreyal Patel",9925473609,"patelshreyal748@gmail.com"
"Jay Prajapati",9426301572,"prajapatijay27@gmail.com"
"Kalp Bagadia",9638098838,"kalpvsb28@gmail.com"
"Joyal Khristi",9537626807,"joyalkhristi33@gmail.com"
"Bhumi Dave",7990020610,"cmbr1998@gmail.com"
"Dev Shah",7048581803,"devmshah1999@gmail.com"
"Govindsingh Bhayal",9624056868,"govindsinghlive@gmail.com"
"Jay Khodiyar",9512335070,"jhkhodiyar123@gmail.com"
"Mahavir Patel",7046384620,"mahavirpatel0@gmail.com"
"Jay Patel",8153974885,"beingjaypatel1910@gmail.com"
"Ajayrajsinh Rana",7990631626,"ajrana0007@gmail.com"
"Kiran Prajapati",9638987757,"prajapatikiran606@gmail.com"
"Krishna Mahant",8160925145,"krishnamahant@gmail.com "
"Abhi Parekh",8469730396,"abhiparekh1999@gmail.com"
"Krishna Vinchhi",9904859523,"krishna942000@gmail.com"
"nirmal devakiya",9714842621,"nirmaldevakiya121@gmail.com"
"Pinak Solanki",9909974823,"pinaksahdsv@gmail.com"
"Parth Patel",8401506752,"pparth097@gmail.com"
"Mayur Hirani",7069303369,"mayurhirani7069@gmail.com"
"Hemali Shelat",7622933662,"hemalishelat669@gmail.com"
"Tanvi Solanki",7487073366,"tanvisolanki2499@gmail.com"
"Ujjaval Patel",9574052043,"patelujjavalsachin1906@gmail.com"
"Heena Kachhiya",9586167913,"patelheena1199@gmail.com"
"Arpit Panday",8511130672,"arpitpandey755@gmail.com"
"Dharmesh Hadiyal",9429953494,"dharmesh.hadiyal.21@gmail.com"
"neel patel",7226981519,"pneel2698@gmail.com"
"Rushi Pandya",7574995170,"rushipandya56@gmail.com"
"Meet Shah",9409230479,"shahmeet226@gmail.com"
"Divij Boda",8200460370,"divijboda1@gmail.com"
"Suraj jha",8140321947,"surajsujha@gmail.com"
"Swapnil Pal",9574162488,"swapnilpal25@gmail.com"
"Najibullah Rasuli",9427102671,"najibullah.tunogh@gmail.com"
"Aradhana Panchal",6356862587,"aarupanchal0912@gmail.com"
"Krunal Dabgar",7990596059,"dabgarkrunal7674@gmail.com"
"Raj Yurajsinh",8469616801,"yuvrajsinhdraj@gmail.com"
"dev thakkar",9664547427,"devthakkar1603007@gmail.com"
"Jainam Shah",9426629406,"shahjainam961@gmail.com"
"Jigar Solanki",8849226678,"deepyuvi1236@gmail.com"
"Harshraj Sisodiya",7879943907,"hnsisodiya952@gmail.com"
"Pratik Makawana",8200034910,"makwanapratik108@gmail.com"
"Fenil Bhandari",7069445376,"bhandarifenil96@gmail.com"
"AARTI KASTA",9773067754,"aartikasta@gmail.com"
"bhavin halvadiya",9426140496,"bhavinhalvadiya123@gmail.com"
"Bhupin Bambhaniya",7622994544,"bhupinkumarb22@gmail.com"
"pavan patel",9624001604,"patelpavan284@gmail.com"
"Shrinil Rana",9898010933,"shrinilrana410@gmail.com"
"ajay sanyal",8238423725,"harshpatel.hp1998@gmail.com"
"Dev Upadhyay",9426974487,"devnara221@gmail.com"
"Himanshu Mistry",8849763087,"himanshupmistry@icloud.com"
"Rushirajsingh Vaghela",9624221129,"rushirajsinhvaghela111@gmail.com"
"Rutvij Soni",9408763025,"rutvij682@gmail.com"
"Prapti Shah",7600282675,"mun.challa2000@gmail.com"
"Shyam Ramani",9898892568,"ramanishyam765@gmail.com"
"Jayesh Khokhar",8980973464,"jayeshkhokhar34@gmail.com"
"Sarthak Vaghela",9157785899,"sarthakv1998@gmail.com"
"Tejas Gorasiya",9099666910,"gorasiyatejas830@gmail.com"
"kush parekh",8849332487,"kushparekh007@gmail.com"
"Akshay Mangroliya",9512298227,"aam98227@gmail.com"
"Tatva Shah",8320451405,"tatvashah123@gmail.com"
"Ritu Chaurasia",7984365505,"rituchaurasia63@yahoo.com"
"Jay Sojitra",9727981456,"sojitrarajesh50@gmail.com"
"Hiral Patel",9662330104,"hiralpatel1061997@gmail.com"
"Abhi Balar",9978648520,"abhibalar28@gmail.com"
"Ruchit Patel",9974026883,"ruchitpatel5678@gmail.com"
"Udayrajsinh Chudasama",7698455990,"udayrajchudasama@gmail.com"
"Dhairya Shah",8460656525,"dhairyas40@gmail.com"
"Shyam Koshiya",7623961998,"savaliyasagar79@gmail.com"
"Ruchit Patel",8460641802,"saurabh151@ieee.org"
"Bhavin Vadiya",9428364878,"vadiyabhavin3699@gmail.com"
"sandeep rathod",9664513350,"rathodsandeep20101999@gmail.com"
"Abhishek Pansuriya",8487876791,"abhipansuriya2299@gmail.com"
"bhautik ustad",8140397558,"Bhautikusdad9@gmail.com"
"Deep Patel",9376006799,"theroar149@gmail.com"
"Pratik Modi",7600728905,"pratikrajeshmodi@gmail.com"
"Sneha Makwana",9601379147,"makwanas1997@gmail.com"
"Parvej Vhora",7802805147,"vhoraparvej1250@gmail.com"
"Kesur Goriya",9723707248,"kisangoriya1234567@gmail.com"
"Meet Patel",9712301784,"patelmeet202000@gmail.com"
"Kushal Shah",9879534475,"kushalnrkshah@gmail.com"
"Darshit Mistry",7874744991,"darshitmistry1997@gmail.com"
"shaikh arbaaz",8849518622,"shaikh.arbaaz.2427@gmail.com"
"Harnish Shah",7016213707,"harnishshah28@gmail.com"
"Kartik Savaliya",7284826361,"kartiksavaliya1304@gmail.com"
"sundaram solanki",7016869986,"sundaram.spn@gmail.com"
"Rushabh Shah",9925104006,"rushabh001shah@gmail.com"
"Deep Amin",8758475060,"deepamin49@gmail.com"
"vraj hingu",7359954397,"vrajhingu73599@gmail.com"
"Yash Banugariya",9714656417,"yashbanugaria@gmail.com"
"sahil khairnar",9028547124,"shirish285@gmail.com"
"Vraj Patel",9484689409,"patelvraj2741@gmail.com"
"japan bhavsar",9409402812,"japan.bhavsar@yahoo.in"
"Dev Patil",8980988132,"devpatil0755@gmail.com"
"Naimatullah Mazidi",6356483515,"niamatullahmazidi1995@gmail.com"
"Akshar Jani",6353823677,"aksharjani21@gmail.com"
"prashant patel",8866511225,"prashantbpatel786@gmail.com"
"Kishan Vadhiya",8758912287,"kishanvadhiya123@gmail.com"
"Arshi Chetariya",9737687074,"arshichetariya9537@gmail.com"
"Kandarp Patwa",8758784626,"patwakandarp61298@gmail.com"
"Harshkumar Prajapati",9737283325,"hrsprj28@gmail.com"
"snehalkumar patel",9913874106,"snehalpatel74106@gmail.com"
"Dhaval Parmar",9979367961,"dhavalsinh1516@gmail.com"
"vaibhav vaghela",8511798985,"vaibhavvaghela2010@gmail.com"
"Ashwin Bhogesara",8238849848,"ashvinbhogesara7@gmail.com"
"yesha Patel",6355337090,"yeshapatel.as0143@gmail.com"
"Max Christian",8238107898,"maxchristian0001@gmail.com"
"Jay Patel",6354972756,"khsrajjoshi1999@gmail.com"
"Dhruvin Goresiya",7096279837,"dhruvingorasiya1304@gmail.com"
"Michael Ghori",7359605762,"michaelghori386@gmail.com"
"Ronit Tailor",8460160314,"tailor.ronit16@gmail.com"
"Tirth Goti",9033603601,"tirthkumargoti@gmail.com"
"Dhruvish Shah",7383200723,"dhruvish77@gmail.com"
"Nirav Kachhadiya",8849648601,"kachhadiyanirav123@gmail.com"
"Ahmadkhaled Sarwari",9638299779,"khaledbatur.750@gmail.com"
"Harsh Harwani",9429292920,"hharwani59@gmail.com"
"Chandranshu Thakkar",9924669941,"chandranshu99@gmail.com"
"Kewal Vala",9725792888,"reyji.kw@gmail.com"
"Aashruti Prajapati",7069802603,"aasiprajapati0305@gmail.com"
"Devraj Pargi",9687350926,"devrajpargi83@gmail.com"
"Hardik Chotaliya",9712237803,"chotaliyahardik94@gmail.com"
"Prayerson Chauhan",9737031061,"prayernoveno@gmail.com"
"Dhruvisha Amin",8469018120,"dhruvia22@gmail.com"
"Meet Maheta",8160154120,"meetmaheta3290@gmail.com"
"Manan patel",7990600649,"02mananpatel@gmail.com"
"Kenil patelia",9429176767,"kenilpatelia@gmail.com"
"Dhaval Jain",7990316281,"kunj.160410119017@gmail.com"
"Shrey Lad",7093817162,"sheylad123@gmail.com"
"Jainit Chauhan",8401657133,"jainitchauhan87@gmail.com"
"keval pandya",9049209516,"kevalonly123@gmail.com"
"ridham rayani",8154890228,"ridhamrayani804@gmail.com"
"Akanksha Parmar",8866010051,"akuparmar1999@gmail.com"
"Nidhi rajput",9429475025,"nidhivrajput77@gmail.com"
"Ajay Jadeja",9913155705,"jadejaajaysinh2001@gmail.com"
"Dinesh Hemnani",9106986336,"dineshhemnani21@gmail.com"
"Akhil Nair",6353890722,"akhilnairsree@gmail.com"
"rudraksh panchal",9723126856,"rudrakshpanchal.910@gmail.com"
"Aditya Dalwadi",7434849088,"adityadalwadi2001@gmail.com"
"Harshank Patel",9737310654,"harshankpatel24@gmail.com"
"Manish Prajapati",9033577488,"savaliyasagar79@gmail.com"
"Darshit Sasapara",7984085724,"darshitsasapara71@gmail.com"
"Parth Rajput",7698357337,"parthrajput1496@gmail.com"
"Poojan Nandani",9913219949,"nandanipoojan@gmail.com"
"Roshan Patel",8154033584,"roshanpatel1904@gmail.com"
"Arsh Vohra",8264344570,"arshvohraa@gmail.com"
"Avi Patel",9624432447,"avipatel51999@gmail.com"
"Ritvik Gadhvi",9979160498,"ritvikgadhvi12@gmail.com"
"Abhi Patel",8128000390,"abhipatel932000@gmail.com"
"devarsh panchal",9586000050,"devarshpanchal@gmail.com"
"Dhrumil Patel",9054681627,"dhrumilpatel3978@gmail.com"
"Hardik Khatrani",9638584729,"hardikkhatrani@gmail.com"
"Kaushal Kheni",9586166433,"kkheni11@gmail.com"
"Harish Sukhwal",9978546056,"harishsukhwal8055@gmail.com"
"Keval Patel",8849973864,"keval258patel@gmail.com"
"Hardik Thummar",8460880399,"hardikthummar456@gmail.com"
"Viraj anam",9408052700,"virajanam16@gmail.com"
"Krisha Shah",9586745522,"skrisha2710@gmail.com"
"Prajwal Desai",8460030824,"prajwaldesai2707@gmail.com"
"Rahul Makwana",7069840784,"makawanarahul94@gmail.com"
"Harsh Gandhi",8469560581,"gandhi.harsh8@gmail.com"
"Tarang Patel",7874781616,"tarang6698@gmail.com"
"Kruti Amin",9104675767,"krutiamin20@gmail.com"
"Prakash Vekariya",9265258685,"pvekariya21@gmail.com"
"Harsh Prajapati",9974025029,"prajapatiharsh1412@gmail.com"
"Divya Shah",8347920427,"divushah712@gmail.com"
"kavan shah",9558293999,"kavanvshah@gmail.com"
"Viral Khant",9624119038,"khantviral123@gmail.com"
"Kalpesh Singh",8780253558,"kalpeshsingh89@gmail.com"
"Nikhil sharma",7572922993,"ns8537973@gmail.com"
"divyesh vadgama",6352410290,"791514dp@gmail.com"
"Jaimin Jani",9512643337,"jaimin.ashok210999@gmail.com"
"meet patel",9638092222,"kalpeshthakkar1632@gmail.com"
"Aditya Pandya",9714148470,"pandyaaditya84@gmail.com"
"Sahil Balmiki",9428503313,"sahilvalmiki180@gmail.com"
"Harsh Patel",9904194587,"harshpatel.hp1998@gmail.com"
"Jash Mehta",7046875330,"jashmehta2604@gmail.com"
"Bakul talpada",6354852863,"talpadabakul@gmail.com"
"rohitkumar sinha",7933033647,"mathpop99@gmail.com"
"gaurav trapasiya",7623098683,"gauravtrapasiya5252@gmail.com"
"vraj patel",9099367511,"vrajcable@gmail.com"
"shaili patel",9913157363,"patelshaili70@gmail.com"
"Mit Shah",9426231933,"shahmit295@gmail.com"
"Satvik Viradiya",8141611983,"satvikviradiya2749@gmail.com"
"Avinash Kumar",8160226891,"akashsin63@yahoo.com"
"darshan rajgor",9426681527,"darshanrajgor9@gmail.com"
"Abhay Shah",9586961480,"shahabhay7860@gmail.com"
"Manan Patel",7802831480,"7802831480mp@gmail.com"
"Rehan Pathan",9408124111,"pathanrehan99@gmail.com"
"Harshvardhan patel",9033305125,"pharshvardhan138@gmail.com"
"sumit ghodke",9998737054,"sumitjr.ghodke@gmail.com"
"Jinang Shah",9081820557,"shahjinang13@gmail.com"
"Karan Parikh",8460360812,"karanparikh978@gmail.com"
"Dipak Bagda",8866636898,"dipakbagda786@gmail.com"
"Kushalraj Vaghela",7069296458,"kushalrajsinhvaghela@gmail.com"
"Saumya Dabhi",9624039804,"saumyadabhi99@gmail.com"
"Ahuja Rahul",9825910700,"rahul_ahuja@icloud.com"
"Prajit Parmar",8128359007,"prajitparmar81283@gmail.com"
"Jayji Odedra",9725088548,"jayodedra966@gmail.com"
"Arth Sukani",8140310021,"arth.mrsukani2099@gmail.com"
"Kashyap Borisagar",8141853537,"kbb251199@gmail.com"
"Aditya Dalwadi",6355878536,"vedant26mehta@gmail.com"
"yash Shah",9428563504,"yashshah230799@gmail.com"
"aksha singh",9601822601,"akshsin63@yahoo.com"
"Dev Vaghani",9429278178,"vaghanidev412@gmail.com"
"Amit Prajapati",8401021222,"prajapatiamit2808@gmail.com"
"Ankush Singh",8849362511,"ankushkrsingh0209@gmail.com"
"Hardik Siddhapura",8140006199,"hardiksiddhapura111@gmail.com"
"Yash Pavala",9727320085,"pavalayash@gmail.com"
"Riya Patel",9054425970,"riyapatel2271999@gmail.com"
"Ajaysinh Jadeja",7069444304,"abjadeja1999@gmail.com"
"Megha Raval",9824645610,"riyapatel2271999@gmail.com"
"Priyal Vaghela",9106211098,"aasiprajapati0305@gmail.com"
"Anjali Vasita",7096989051,"vasitaanjali1995@gmail.com"
"Yukta Sonawane",9340020763,"yuktasonawane08@gmail.com"
"Krishnarajsinh Jadeja",8320354607,"krishnarajsinhjadeja99@gmail.com"
"Damini Prajapati",9870049905,"prajapatidamini1122@gmail.com"
"smit agarwal",9964611236,"rajparikshit4@gmail.com"
"Fenil Vanasiwala",8141424734,"fenilvanasiwala22@gmail.com"
"Kundali Patel",8140890490,"kundali285@gmail.com"
"Deep Patel",8849843573,"deepyuvi1236@gmail.com"
"Viradiya Tulshi",7016119283,"viradiyatulshi123@gmail.com"
"Kriyash Patel",8780436375,"abhitripathi353@gmail.com"
"Trupti Karamchandani",9265209532,"rituchaurasia63@yahoo.com"
"Sherine McEween",8320519985,"sherine121098@gmail.com"
"Deepa Thanki",9724297038,"diputhanki07@gmail.com"
"Yakshi Patel",9664656711,"yakshipatel982@gmail.com"
"Dhruv Pandya",9825460207,"pandyadhruv480@gmail.com"
"Ujjwal Tandel",7202932311,"ujjwaltandel@gmail.com"
"Tanay Biswas",9173915658,"tanayb461@gmail.com"
"Himanshu Makawana",8128077796,"himanshumakawana2000@gmail.com"
"Karan Sabnani",8347084045,"kundali285@gmail.com"
"Mishita Sankhalani",8128075559,"mishitapatel1809@gmail.com"
"Piyush Shah",9408024151,"piyush3378@gmail.com"
"Kesha Shah",9913656761,"pandyamansi16@gmail.com"
"Jeet Patil",9172850047,"jeet.patil0399@gmail.com"
"Jay Patel",9427365162,"patel1701jay@gmail.com"
"Kunj Gandhi",9157322309,"kunj.160410119017@gmail.com"
"Komal Singh",7405383872,"pandyamansi16@gmail.com"
"Neel Patel",7046405802,"patelneel117@gmail.com"
"Bhumil Patel",7016701551,"bhumil0610@gmail.com"
"shikha patel",9106617043,"shikhapatel249@gmail.com"
"shubham kumbhare",9428314088,"kumbhareshubham9@gmail.com"
"Neel Gujrati",7622022766,"anil.18beitg061@gmail.com"
"Lajja Desai",9428148282,"dishapatel04657@gmail.com"
"Shrey Sheth",9586275119,"parth.parekh883@gmail.com"
"Parth Panchal",6355367556,"ppanchal1090@gmail.com"
"Aditya Sandhe",8780362589,"adityasandhe@gmail.com"
"Shreya Patel",8758403037,"shreyapayel12@gmail.com"
"Keval Naika",9978084262,"kevalnaika143@gmail.com"
"Karan Patel",8200515040,"karan11119999@gmail.com"
"smit dalwadi",7096690249,"smitdalwadi2643@gmail.com"
"vir patel",8200630943,"jhanvipatel3998@gmail.com"
"Gaurav Singh",7905101490,"gauravsingh9721368@gmail.com"
"Kuldeep Chauhan",9723525698,"chauhankuldeep336@gmail.com"
"dipen prajapati",7069892632,"dipenprajapati2705@gmail.com"
"kishan solanki",9265417479,"nikitasolanki83561@gmail.com"
"manish marwadi",7621992482,"manishmrwd@gmail.com"
"Vishesh Bhatt",8866667856,"visheshbhatt07@gmail.com"
"deep mistry",9726435134,"deepmistry84118@gmail.com"
"dhaivat barot",9979890681,"dhaivat3212@gmail.com"
"Vatsal Kakadia",9998496739,"kakadia.vatsal@gmail.com"
"Parth Patel",8225851303,"parthmvpatel20@gmail.com"
"Franklin Parmar",9998340030,"parmarfranklin35@gmail.com"
"Bhautik Suthariya",9824904999,"bhautiksutariya5555@gmail.com"
"Parth Vasoya",6355230093,"parthvasoya2000@gmail.com"
"Parth Vasoya",9909571271,"parthvasoya514@gmail.com"
"Mit Vaghani",7359702184,"mitvaghani333@gmail.com"
"Nishit Shah",9586014129,"nishitshah000@gmail.com"
"Jay Rathod",8320255508,"rj103048@gmail.com"
"Amartya Amin",9909089395,"amartyaamin23199@gmail.com"
"Meet Usadadiya",8347412535,"meet123.usadadiya@outlook.com"
"Manthan Patel",8980565661,"manthanpatel457@gmail.com"
"Ronak Machhi",9974538323,"ronakmachhi895@gmail.com"
"Krunal Leuva",6351189314,"krunal.170410119051@gmail.com"
"Harshdeepsinh Jadeja",9099999724,"harshdeepsinh.jadeja.988@gmail.com"
"Tirth Thakkar",7802808291,"tirth.thakkar280@gmail.com"
"Parth Dabhani",9662107360,"parthdabhani112@gmail.com"
"Fiza Pujana",9426262081,"habibpujana12@gmail.com"
"Nikhil Patel",9054550368,"nikhil12345673@gmail.com"
"Pratik Makawana",9409236993,"chotaliyahardik94@gmail.com"
"Malhar Parikh",7096519016,"malhaarparikh16@gmail.com"
"NitI Goel",9924147604,"nitigoyal1999@gmail.com"
"Pranam Panchal",8849349768,"panchalpranam@gmail.com"
"Smit Karavadaya",9265321420,"smitkaravadiya3@gmail.com"
"Vrushali Parekh",8511573215,"vrushaliparekh88@gmail.com"
"Ayush Shah",9408030452,"aaayush57.57@gmail.com"
"Achal Patel",9558537435,"patelachal05@gmail.com"
"daxesh parmar",9624781651,"daxeshparmarc2c2@gmail.com"
"Vishal Patel",9537348388,"vishalmahida146@gmail.com"
"Dhrumil Patel",7567204721,"dhrumilpatel3417@gmail.com"
"Dhruv Topiwala",7486096035,"dhruv.m.topiwala@gmail.com"
"Ishan Patel",6354189254,"anshpatel98@gmail.com"
"Vishal Patel",8980623820,"vishalp2408@gmail.com"
"Sumit Bhut",7623093210,"sumitbhut2000@gmail.com"
"Hardik Rathod",7600055594,"hcrathod98@gmail.com"
"Hardik Unadkat",8153087810,"hardik030897@gmail.com"
"Krishna Patel",9714168238,"krishnapatel7676kp@gmail.com"
"Krunal Rathod",7572960337,"krunalr256@gmail.com"
"Mudrika Vacchani",8866744473,"mudrikavachhani1999@gmail.com"
"Ansari Taosif",9638804660,"taosif.7@gmail.com"
"vikas joshi",8875850796,"vikasjoshi2604@gmail.com"
"Shlok Soni",8238116908,"shloksoni108@gmail.com"
"Vishal Makwana",8140933531,"vishalmakwana2502@gmail.com"
"Pratvi Panchal",9408866917,"hvpanchal98@gmail.com"
"Kajal Kadiya",6352328741,"kajalkadiya24@gmail.com"
"Vrajesh patel",8469440289,"patelvrajesh240@gmail.com"
"Daniel Jayselan",9558912737,"goldenraj97@gmail.com"
"Shivangi Singh",9428382786,"shivangi.s.singh01@gmail.com"
"Sahil vahora",7283923581,"sahilsvahora01@gmail.com"
"Krupal Solanki",8980237065,"krupalsolanki1998@gmail.com"
"Rajan Rana",7405498568,"ranarajan6.12@gmail.com"
"Smit Zalawadia",9724511485,"zalawadiasmit@gmail.com"
"Manali Gohel",7359689405,"mgohel141@gmail.com"
"Murtaza Nimachwala",9408314179,"murtaza097@gmail.com"
"rushabh doshi",7201910777,"Rushabh.doshi005@gmail.com"
"Raviraj Gohil",8238756803,"rvgohil1110@gmail.com"
"Dhwani Darji",9773070819,"dhwanidarji1999@gmail.com"
"viplav tyagi",8849167976,"viplavtyagi09@gmail.com"
"Lalit Tiwari",9727038579,"lalithstiwari@gmail.com"
"aniruddh gami",7622839667,"gamianiruddh11@gmail.com"
"Anil Patel",8160333948,"anil.18beitg061@gmail.com"
"Hanshraj Zala",8320873432,"anil.18beitg061@gmail.com"
"Parth Patel",7046525763,"parth6224@gmail.com"
"Ashish Yadav",7698546583,"ashvolley9@gmail.com"
"Bhavyen Mehta",9722222664,"bhavyenmehta2998@gmail.com"
"Jaydutt Solanki",9512436381,"solankijaydutt411@gmail.com"
"Dhruv Patel",7984502636,"dhruv.b.patel@gmail.com"
"prince tandel",7990428724,"160305105159@paruluniversity.ac.in"
"Riddhiben Jansari",9408293453,"jansaririddhi2001@gmail.com"
"Hasti Kanani",6355398197,"hastikanani6843@gmail.com"
"Urvi Parmar",9737420966,"urvirparmar@gmail.com"
"Arth Navadiya",9427248707,"arthnavadiya49@gmail.com"
"Romil Mesaniya",8734848997,"romilmesaniya99@gmail.com"
"Akbar Khan",7201808524,"akbarkhan9879608906@gmail.com"
"kruti modi",8347422455,"vishalmodi1974@gmail.com"